LocalTime, GPSTime, ESSID, BSSID, Power, Security, Latitude, Longitude, Latitude Error, Longitude Error, Type
2026-04-21 15:09:30,1900-01-00 00:00:00,,AA:D1:F6:3A:5F:5E,-41,,0.000000,0.000000,0.000,0.000,Client
2026-04-21 15:09:30,1900-01-00 00:00:00,,AA:D1:F6:3A:5F:5E,-41,,0.000000,0.000000,0.000,0.000,Client
2026-04-21 15:09:30,1900-01-00 00:00:00,,22:AE:79:8A:E9:BE,-35,,0.000000,0.000000,0.000,0.000,Client
2026-04-21 15:09:30,1900-01-00 00:00:00,,22:AE:79:8A:E9:BE,-35,,0.000000,0.000000,0.000,0.000,Client
2026-04-21 15:09:31,1900-01-00 00:00:00,,FE:53:C7:8A:02:1C,-37,,0.000000,0.000000,0.000,0.000,Client
2026-04-21 15:09:31,1900-01-00 00:00:00,,7A:64:B2:4A:C2:84,-37,,0.000000,0.000000,0.000,0.000,Client
2026-04-21 15:09:31,1900-01-00 00:00:00,,7A:64:B2:4A:C2:84,-37,,0.000000,0.000000,0.000,0.000,Client
2026-04-21 15:09:33,1900-01-00 00:00:00,,44:72:AC:98:2D:29,-85,,0.000000,0.000000,0.000,0.000,Client
2026-04-21 15:09:33,1900-01-00 00:00:00,,EE:17:6C:89:FF:14,-81,,0.000000,0.000000,0.000,0.000,Client
2026-04-21 15:09:40,1900-01-00 00:00:00,,44:72:AC:98:2D:29,-85,,0.000000,0.000000,0.000,0.000,Client
2026-04-21 15:09:40,1900-01-00 00:00:00,,44:72:AC:98:2D:29,-89,,0.000000,0.000000,0.000,0.000,Client
2026-04-21 15:09:40,1900-01-00 00:00:00,,44:72:AC:98:2D:29,-83,,0.000000,0.000000,0.000,0.000,Client
2026-04-21 15:09:40,1900-01-00 00:00:00,,44:72:AC:98:2D:29,-85,,0.000000,0.000000,0.000,0.000,Client
2026-04-21 15:09:40,1900-01-00 00:00:00,,44:72:AC:98:2D:29,-87,,0.000000,0.000000,0.000,0.000,Client
2026-04-21 15:09:45,1900-01-00 00:00:00,,44:F0:34:4A:15:89,-77, ,0.000000,0.000000,0.000,0.000,AP
2026-04-21 15:09:52,1900-01-00 00:00:00,,44:72:AC:98:2D:29,-87,,0.000000,0.000000,0.000,0.000,Client
2026-04-21 15:09:52,1900-01-00 00:00:00,,44:72:AC:98:2D:29,-89,,0.000000,0.000000,0.000,0.000,Client
2026-04-21 15:09:54,1900-01-00 00:00:00,,B2:81:1E:AD:B1:EE,-83,,0.000000,0.000000,0.000,0.000,Client
2026-04-21 15:10:01,1900-01-00 00:00:00,,9E:DE:D0:50:FD:81,-83,,0.000000,0.000000,0.000,0.000,Client
2026-04-21 15:10:02,1900-01-00 00:00:00,,9E:DE:D0:50:FD:81,-87,,0.000000,0.000000,0.000,0.000,Client
2026-04-21 15:10:02,1900-01-00 00:00:00,,9E:DE:D0:50:FD:81,-89,,0.000000,0.000000,0.000,0.000,Client
2026-04-21 15:10:02,1900-01-00 00:00:00,,9E:DE:D0:50:FD:81,-85,,0.000000,0.000000,0.000,0.000,Client
2026-04-21 15:10:02,1900-01-00 00:00:00,,9E:DE:D0:50:FD:81,-83,,0.000000,0.000000,0.000,0.000,Client
2026-04-21 15:10:02,1900-01-00 00:00:00,,9E:DE:D0:50:FD:81,-85,,0.000000,0.000000,0.000,0.000,Client
2026-04-21 15:10:02,1900-01-00 00:00:00,,9E:DE:D0:50:FD:81,-83,,0.000000,0.000000,0.000,0.000,Client
2026-04-21 15:10:02,1900-01-00 00:00:00,,9E:DE:D0:50:FD:81,-85,,0.000000,0.000000,0.000,0.000,Client
2026-04-21 15:10:06,1900-01-00 00:00:00,,44:72:AC:98:2D:29,-87,,0.000000,0.000000,0.000,0.000,Client
2026-04-21 15:10:06,1900-01-00 00:00:00,,44:72:AC:98:2D:29,-85,,0.000000,0.000000,0.000,0.000,Client
2026-04-21 15:10:06,1900-01-00 00:00:00,,44:72:AC:98:2D:29,-87,,0.000000,0.000000,0.000,0.000,Client
2026-04-21 15:10:06,1900-01-00 00:00:00,,44:72:AC:98:2D:29,-85,,0.000000,0.000000,0.000,0.000,Client
2026-04-21 15:10:06,1900-01-00 00:00:00,,44:72:AC:98:2D:29,-87,,0.000000,0.000000,0.000,0.000,Client
2026-04-21 15:10:18,1900-01-00 00:00:00,,44:72:AC:98:2D:29,-89,,0.000000,0.000000,0.000,0.000,Client
2026-04-21 15:10:18,1900-01-00 00:00:00,,44:72:AC:98:2D:29,-85,,0.000000,0.000000,0.000,0.000,Client
2026-04-21 15:10:45,1900-01-00 00:00:00,,88:66:39:29:A8:24,-43, ,0.000000,0.000000,0.000,0.000,AP
2026-04-21 15:10:45,1900-01-00 00:00:00,DIGI-2MGY,88:66:39:29:A8:24,-41, WPA2 ,0.000000,0.000000,0.000,0.000,AP
2026-04-21 15:10:45,1900-01-00 00:00:00,DIGI-2MGY,88:66:39:29:A8:24,-42, WPA2 ,0.000000,0.000000,0.000,0.000,AP
2026-04-21 15:10:45,1900-01-00 00:00:00,DIGI-2MGY,88:66:39:29:A8:24,-45, WPA2 ,0.000000,0.000000,0.000,0.000,AP
2026-04-21 15:10:45,1900-01-00 00:00:00,,FC:F6:47:D1:E9:CB,-79, ,0.000000,0.000000,0.000,0.000,AP
2026-04-21 15:10:45,1900-01-00 00:00:00,DIGI-2MGY,88:66:39:29:A8:24,-45, WPA2 ,0.000000,0.000000,0.000,0.000,AP
2026-04-21 15:10:45,1900-01-00 00:00:00,DIGI-2MGY,88:66:39:29:A8:24,-45, WPA2 ,0.000000,0.000000,0.000,0.000,AP
2026-04-21 15:10:45,1900-01-00 00:00:00,DIGI-2MGY,88:66:39:29:A8:24,-41, WPA2 ,0.000000,0.000000,0.000,0.000,AP
2026-04-21 15:10:45,1900-01-00 00:00:00,,82:EB:B6:37:59:20,-69, ,0.000000,0.000000,0.000,0.000,AP
2026-04-21 15:10:45,1900-01-00 00:00:00,TP-Link_5928,82:EB:B6:37:59:20,-69, WPA2 ,0.000000,0.000000,0.000,0.000,AP
2026-04-21 15:10:45,1900-01-00 00:00:00,TP-Link_5928,82:EB:B6:37:59:20,-69, WPA2 ,0.000000,0.000000,0.000,0.000,AP
2026-04-21 15:10:45,1900-01-00 00:00:00,TP-Link_5928,82:EB:B6:37:59:20,-69, WPA2 ,0.000000,0.000000,0.000,0.000,AP
2026-04-21 15:10:45,1900-01-00 00:00:00,TP-Link_5928,82:EB:B6:37:59:20,-69, WPA2 ,0.000000,0.000000,0.000,0.000,AP
2026-04-21 15:10:45,1900-01-00 00:00:00,TP-Link_5928,82:EB:B6:37:59:20,-67, WPA2 ,0.000000,0.000000,0.000,0.000,AP
2026-04-21 15:10:45,1900-01-00 00:00:00,TP-Link_5928,82:EB:B6:37:59:20,-65, WPA2 ,0.000000,0.000000,0.000,0.000,AP
2026-04-21 15:10:45,1900-01-00 00:00:00,,82:EB:B6:37:59:21,-79, ,0.000000,0.000000,0.000,0.000,AP
2026-04-21 15:10:45,1900-01-00 00:00:00,,82:EB:B6:37:59:21,-81, WPA ,0.000000,0.000000,0.000,0.000,AP
2026-04-21 15:10:45,1900-01-00 00:00:00,TP-Link_5928,82:EB:B6:37:59:20,-79, WPA2 ,0.000000,0.000000,0.000,0.000,AP
2026-04-21 15:10:45,1900-01-00 00:00:00,,C4:44:7D:2A:36:30,-67, ,0.000000,0.000000,0.000,0.000,AP
2026-04-21 15:10:45,1900-01-00 00:00:00,,0C:C6:CC:EB:D2:A8,-73, ,0.000000,0.000000,0.000,0.000,AP
2026-04-21 15:10:45,1900-01-00 00:00:00,DIGI-8ejm,0C:C6:CC:EB:D2:A8,-71, WPA2  WPA ,0.000000,0.000000,0.000,0.000,AP
2026-04-21 15:10:45,1900-01-00 00:00:00,DIGI-8ejm,0C:C6:CC:EB:D2:A8,-73, WPA2  WPA ,0.000000,0.000000,0.000,0.000,AP
2026-04-21 15:10:45,1900-01-00 00:00:00,DIGI-8ejm,0C:C6:CC:EB:D2:A8,-71, WPA2  WPA ,0.000000,0.000000,0.000,0.000,AP
2026-04-21 15:10:45,1900-01-00 00:00:00,,DA:68:52:3F:EB:58,-71, ,0.000000,0.000000,0.000,0.000,AP
2026-04-21 15:10:45,1900-01-00 00:00:00,,82:EB:B6:37:59:21,-81, WPA2 ,0.000000,0.000000,0.000,0.000,AP
2026-04-21 15:10:45,1900-01-00 00:00:00,DIGI-8ejm,0C:C6:CC:EB:D2:A8,-67, WPA2  WPA ,0.000000,0.000000,0.000,0.000,AP
2026-04-21 15:10:45,1900-01-00 00:00:00,DIGI-M4d9,DA:68:52:3F:EB:58,-67, WPA2  WPA ,0.000000,0.000000,0.000,0.000,AP
2026-04-21 15:10:45,1900-01-00 00:00:00,DIGI-8ejm,0C:C6:CC:EB:D2:A8,-69, WPA2  WPA ,0.000000,0.000000,0.000,0.000,AP
2026-04-21 15:10:45,1900-01-00 00:00:00,DIGI-M4d9,DA:68:52:3F:EB:58,-67, WPA2  WPA ,0.000000,0.000000,0.000,0.000,AP
2026-04-21 15:10:45,1900-01-00 00:00:00,DIGI-8ejm,0C:C6:CC:EB:D2:A8,-69, WPA2  WPA ,0.000000,0.000000,0.000,0.000,AP
2026-04-21 15:10:45,1900-01-00 00:00:00,DIGI-8ejm,0C:C6:CC:EB:D2:A8,-69, WPA2  WPA ,0.000000,0.000000,0.000,0.000,AP
2026-04-21 15:10:45,1900-01-00 00:00:00,DIGI-M4d9,DA:68:52:3F:EB:58,-69, WPA2  WPA ,0.000000,0.000000,0.000,0.000,AP
2026-04-21 15:10:45,1900-01-00 00:00:00,DIGI-8ejm,0C:C6:CC:EB:D2:A8,-69, WPA2  WPA ,0.000000,0.000000,0.000,0.000,AP
2026-04-21 15:10:45,1900-01-00 00:00:00,DIGI-8ejm,0C:C6:CC:EB:D2:A8,-69, WPA2  WPA ,0.000000,0.000000,0.000,0.000,AP
2026-04-21 15:10:45,1900-01-00 00:00:00,DIGI-8ejm,0C:C6:CC:EB:D2:A8,-69, WPA2  WPA ,0.000000,0.000000,0.000,0.000,AP
2026-04-21 15:10:45,1900-01-00 00:00:00,DIGI-8ejm,0C:C6:CC:EB:D2:A8,-69, WPA2  WPA ,0.000000,0.000000,0.000,0.000,AP
2026-04-21 15:10:45,1900-01-00 00:00:00,DIGI-M4d9,DA:68:52:3F:EB:58,-67, WPA2  WPA ,0.000000,0.000000,0.000,0.000,AP
2026-04-21 15:10:45,1900-01-00 00:00:00,DIGI-8ejm,0C:C6:CC:EB:D2:A8,-69, WPA2  WPA ,0.000000,0.000000,0.000,0.000,AP
2026-04-21 15:10:45,1900-01-00 00:00:00,DIGI-M4d9,DA:68:52:3F:EB:58,-67, WPA2  WPA ,0.000000,0.000000,0.000,0.000,AP
2026-04-21 15:10:45,1900-01-00 00:00:00,DIGI-8ejm,0C:C6:CC:EB:D2:A8,-69, WPA2  WPA ,0.000000,0.000000,0.000,0.000,AP
2026-04-21 15:10:45,1900-01-00 00:00:00,DIGI-8ejm,0C:C6:CC:EB:D2:A8,-71, WPA2  WPA ,0.000000,0.000000,0.000,0.000,AP
2026-04-21 15:10:45,1900-01-00 00:00:00,DIGI-8ejm,0C:C6:CC:EB:D2:A8,-69, WPA2  WPA ,0.000000,0.000000,0.000,0.000,AP
2026-04-21 15:10:45,1900-01-00 00:00:00,DIGI-8ejm,0C:C6:CC:EB:D2:A8,-69, WPA2  WPA ,0.000000,0.000000,0.000,0.000,AP
2026-04-21 15:10:46,1900-01-00 00:00:00,DIGI-8ejm,0C:C6:CC:EB:D2:A8,-67, WPA2  WPA ,0.000000,0.000000,0.000,0.000,AP
2026-04-21 15:10:46,1900-01-00 00:00:00,DIGI-8ejm,0C:C6:CC:EB:D2:A8,-73, WPA2  WPA ,0.000000,0.000000,0.000,0.000,AP
2026-04-21 15:10:46,1900-01-00 00:00:00,DIGI-8ejm,0C:C6:CC:EB:D2:A8,-71, WPA2  WPA ,0.000000,0.000000,0.000,0.000,AP
2026-04-21 15:10:46,1900-01-00 00:00:00,DIGI-8ejm,0C:C6:CC:EB:D2:A8,-73, WPA2  WPA ,0.000000,0.000000,0.000,0.000,AP
2026-04-21 15:10:46,1900-01-00 00:00:00,DIGI-M4d9,DA:68:52:3F:EB:58,-67, WPA2  WPA ,0.000000,0.000000,0.000,0.000,AP
2026-04-21 15:10:46,1900-01-00 00:00:00,DIGI-8ejm,0C:C6:CC:EB:D2:A8,-69, WPA2  WPA ,0.000000,0.000000,0.000,0.000,AP
2026-04-21 15:10:46,1900-01-00 00:00:00,,C4:44:7D:2A:36:30,-69, WPA ,0.000000,0.000000,0.000,0.000,AP
2026-04-21 15:10:46,1900-01-00 00:00:00,George,C4:44:7D:2A:36:30,-69, WPA2  WPA ,0.000000,0.000000,0.000,0.000,AP
2026-04-21 15:10:46,1900-01-00 00:00:00,George,C4:44:7D:2A:36:30,-69, WPA2  WPA ,0.000000,0.000000,0.000,0.000,AP
2026-04-21 15:10:46,1900-01-00 00:00:00,,28:F8:D6:B9:92:71,-69, ,0.000000,0.000000,0.000,0.000,AP
2026-04-21 15:10:46,1900-01-00 00:00:00,George,C4:44:7D:2A:36:30,-71, WPA2  WPA ,0.000000,0.000000,0.000,0.000,AP
2026-04-21 15:10:46,1900-01-00 00:00:00,DIGI-sES5,28:F8:D6:B9:92:71,-69, WPA2 ,0.000000,0.000000,0.000,0.000,AP
2026-04-21 15:10:46,1900-01-00 00:00:00,George,C4:44:7D:2A:36:30,-73, WPA2  WPA ,0.000000,0.000000,0.000,0.000,AP
2026-04-21 15:10:46,1900-01-00 00:00:00,George,C4:44:7D:2A:36:30,-73, WPA2  WPA ,0.000000,0.000000,0.000,0.000,AP
2026-04-21 15:10:46,1900-01-00 00:00:00,,DA:68:52:3F:EB:5C,-80, ,0.000000,0.000000,0.000,0.000,AP
2026-04-21 15:10:46,1900-01-00 00:00:00,DIGI-5-M4d9,DA:68:52:3F:EB:5C,-79, WPA2  WPA ,0.000000,0.000000,0.000,0.000,AP
2026-04-21 15:10:46,1900-01-00 00:00:00,,7A:EB:B6:37:59:27,-84, ,0.000000,0.000000,0.000,0.000,AP
2026-04-21 15:10:46,1900-01-00 00:00:00,TP-Link_5G,7A:EB:B6:37:59:27,-82, WPA2 ,0.000000,0.000000,0.000,0.000,AP
2026-04-21 15:10:46,1900-01-00 00:00:00,TP-Link_5G,7A:EB:B6:37:59:27,-85, WPA2 ,0.000000,0.000000,0.000,0.000,AP
2026-04-21 15:10:46,1900-01-00 00:00:00,DIGI-5-M4d9,DA:68:52:3F:EB:5C,-80, WPA2  WPA ,0.000000,0.000000,0.000,0.000,AP
2026-04-21 15:10:46,1900-01-00 00:00:00,DIGI-2MGY,88:66:39:29:A8:24,-43, WPA2 ,0.000000,0.000000,0.000,0.000,AP
2026-04-21 15:10:47,1900-01-00 00:00:00,DIGI-M4d9,DA:68:52:3F:EB:58,-67, WPA2  WPA ,0.000000,0.000000,0.000,0.000,AP
2026-04-21 15:10:47,1900-01-00 00:00:00,,44:F0:34:4A:15:89,-73, ,0.000000,0.000000,0.000,0.000,AP
2026-04-21 15:10:48,1900-01-00 00:00:00,DIGI-8ejm,0C:C6:CC:EB:D2:A8,-73, WPA2  WPA ,0.000000,0.000000,0.000,0.000,AP
2026-04-21 15:10:51,1900-01-00 00:00:00,COSTEL-24,44:F0:34:4A:15:89,-69, WPA2 ,0.000000,0.000000,0.000,0.000,AP
2026-04-21 15:10:58,1900-01-00 00:00:00,,04:62:50:91:65:9E,-85,,0.000000,0.000000,0.000,0.000,Client
2026-04-21 15:10:59,1900-01-00 00:00:00,,32:3F:67:45:01:B4,-75,,0.000000,0.000000,0.000,0.000,Client
2026-04-21 15:10:59,1900-01-00 00:00:00,,32:3F:67:45:01:B4,-75,,0.000000,0.000000,0.000,0.000,Client
2026-04-21 15:10:59,1900-01-00 00:00:00,,42:9F:6E:05:6E:81,-33,,0.000000,0.000000,0.000,0.000,Client
2026-04-21 15:10:59,1900-01-00 00:00:00,,42:9F:6E:05:6E:81,-33,,0.000000,0.000000,0.000,0.000,Client
